country,city,name,system,operator,launched,discontinued
Albania,Tirana,Ecovolis,NA,NA,March 2011,Discontinued
Argentina,Buenos Aires,Ecobici,Serttel Brasil[8],Bike In Baires Consortium[9],2010,NA
Argentina,Mendoza,Metrobici,NA,NA,2014,NA
Argentina,Rosario,Mi Bici Tu Bici[11],NA,NA,2 December 2015,NA
Argentina,"San Lorenzo, Santa Fe",Biciudad,Biciudad,NA,27 November 2016,NA
Australia,Melbourne,Melbourne Bike Share,PBSC & 8D,Motivate,June 2010,30 November 2019[13]
Australia,Melbourne,oBike,4 Gen. oBike,NA,July 2017,July 2018
Australia,Brisbane,CityCycle,3 Gen. Cyclocity,JCDecaux,September 2010,July 2021[16]
Australia,Sydney,Reddy Go,Reddy Go,NA,July 2017,NA
Australia,Sydney,oBike,4 Gen. oBike,NA,July 2017,July 2018
Australia,Sydney,Ofo,4 Gen. Ofo,NA,October 2017,Discontinued
Austria,Burgenland,nextbike[17],3 Gen. nextbike,NA,2009,NA
Austria,Innsbruck,nextbike[17],NA,NA,NA,NA
Austria,Klagenfurt am Wörthersee,nextbike[17],NA,NA,NA,NA
Austria,Kufstein,nextbike[17],NA,NA,NA,NA
Austria,Lower Austria,nextbike[17],3 Gen. nextbike,NA,2009,NA
Austria,Salzburg,nextbike[17],3 Gen. nextbike,NA,2011,NA
Austria,Vienna,Citybike Wien[19],3 Gen. Cyclocity,"JCDecaux
Gewista",June 2003,NA
Austria,Vienna,nextbike[17],NA,NA,NA,NA
Austria,Vienna,Viennabike [citation needed],2 Gen.,Association and city council,April 2002,November 2002
Austria,Vorarlberg,nextbike[citation needed],3 Gen. nextbike,NA,2009,Discontinued
Bangladesh,"Dhaka, Chattogram, Sylhet",JoBike,JoBike,NA,2018,NA
Belgium,Aalst,Dott[20],NA,NA,NA,NA
Belgium,Antwerp,Velo Antwerp[21],3 Gen. Clear CC,Service2Cities (subsidiary of Clear Channel Belgium),9 June 2011,NA
Belgium,Antwerp,Donkey Republic[22],NA,NA,NA,NA
Belgium,Brussels,Bolt[24],NA,NA,NA,NA
Belgium,Brussels,Dott[20],NA,NA,NA,NA
Belgium,Brussels,Villo!,3 Gen. Cyclocity,JCDecaux,19 May 2009 (earlier system since 2006),NA
Belgium,Ghent,Donkey Republic[22],NA,NA,NA,NA
Belgium,Ghent,Dott[20],NA,NA,NA,NA
Belgium,Lille,TIER[25],NA,NA,NA,NA
Belgium,Namur,Bolt,NA,NA,NA,NA
Belgium,Namur,Libiavelo,3 Gen. Cyclocity,JCDecaux,21 April 2012,NA
Belgium,Various locations,dBlue-bike,Blue-bike,Blue-Mobility,1 May 2011,NA
Belgium,Various locations,Donkey Republic[22],NA,NA,NA,NA
Bosnia and Herzegovina,Banja Luka,BL bike[17],3 Gen. nextbike,nextbike,3 April 2018,NA
Bosnia and Herzegovina,Mostar,nextbike[17],3 Gen. nextbike,NA,26 March 2023,NA
Bosnia and Herzegovina,Sarajevo,nextbike[17],3 Gen. nextbike,NA,1 June 2016,NA
Bosnia and Herzegovina,Tuzla,nextbike,3 Gen. nextbike,NA,14 July 2017,1 May 2019
Bosnia and Herzegovina,Zenica,nextbike[17],3 Gen. nextbike,NA,11 October 2019,NA
Brazil,Belo Horizonte,Bikebh,Mobilicidade,NA,2014,NA
Brazil,Fortaleza,Bicicletar,Mobilicidade,NA,15 December 2014,NA
Brazil,João Pessoa,SAMBA,Mobilicidade,NA,NA,NA
Brazil,(Pedro de) Toledo,Toopedalando,Toopedalando,NA,2011,NA
Brazil,Rio de Janeiro,Bike Rio,tembici,NA,2011,NA
Brazil,Salvador,Bike Salvador,tembici,NA,2013,NA
Brazil,São Paulo,Bikesampa,tembici,NA,2012,NA
Brazil,Sorocaba,Integrabike,tembici,NA,2012,NA
Bulgaria,Burgas,VeloBurgas,Mobilicidade,NA,2012,NA
Canada,Hamilton,Hamilton Bike Share,Social Bicycles,NA,20 March 2015,NA
Canada,"Kitchener, Ontario",Community Access Bicycles,Community Access Bicycles,NA,"2011, relaunched 21 August 2013",NA
Canada,Montreal,BIXI Montréal,PBSC & 8D,NA,2009,NA
Canada,Quebec City,àVélo,PBSC,NA,9 July 2021,NA
Canada,Toronto,Bike Share Toronto,PBSC,Motivate,2011,NA
Canada,Vancouver,Mobi,3 Gen. CycleHop,NA,20 July 2016,NA
Canada,Victoria,U-Bicycle,NA,NA,September 2017,2020[42]
Chile,Santiago,Bikesantiago,3 Gen. B-Cycle,NA,2013,NA
China,Anqiu,Anqiu Public Bicycle,NA,NA,December 2013,NA
China,Baoji,Baoji Public Bicycle Service,NA,NA,September 2013,NA
China,Beijing,NA,NA,NA,2012,NA
China,Changzhou,Changzhou Public Bicycle,NA,NA,NA,NA
China,Chengdu (Jinniu District),–,Shanghai Forever Bicycle Co.,NA,June 2010,NA
China,Chengdu (Gaoxin District ),–,NA,NA,December 2010,NA
China,Foshan,NA,NA,NA,August 2010,NA
China,Fuzhou,Fuzhou Public Bicycle,NA,NA,June 2011,NA
China,Guangzhou,GZ-Public Bicycle,NA,NA,June 2010,NA
China,Haikou,NA,NA,NA,April 2013,NA
China,Haining,Haining Public Bicycle,NA,NA,October 2012,NA
China,Hangzhou,Hangzhou Public Bicycle,NA,NA,October 2008,NA
China,Heihe,NA,NA,NA,May 2012,NA
China,Heze,NA,NA,NA,April 2014,NA
China,Hohhot,NA,NA,NA,October 2013,NA
China,Huaian,Huaian Public Bicycle,NA,NA,October 2013,NA
China,Huaibei,Huaibei Public Bicycle,NA,NA,April 2014,NA
China,Huangyan,Huangyan Public Bicycle,NA,NA,January 2012,NA
China,Huizhou,Guangzhou Huimin,NA,NA,April 2012,NA
China,Huzhou,Huzhou Public Bicycle,NA,NA,December 2013,NA
China,Jiangyin,NA,NA,NA,November 2008,NA
China,Jiaxing,Jiaxing Public Bicycle,NA,NA,December 2011,NA
China,Jinhua,Jinhua Orange Public Bicycle Service,NA,NA,October 2013,NA
China,Jiujiang,NA,NA,NA,February 2014,NA
China,Jiyuan,NA,NA,NA,September 2013,NA
China,Kaixian,NA,NA,NA,January 2011,NA
China,Kunshan,NA,Forever Bicycle,NA,September 2010,NA
China,Lanxi,China,NA,NA,July 2014,NA
China,Lanzhou,Lanzhou Public Bicycle,NA,NA,June 2014,NA
China,Lhasa,NA,NA,NA,November 2013,NA
China,Linhai,NA,NA,NA,June 2011,NA
China,Lishui,NA,NA,NA,February 2013,NA
China,Luoyang,Luoyang Public Bicycle,NA,NA,25 May 2013,NA
China,Maanshan,Maanshan Public Bicycle,NA,NA,NA,NA
China,Nanning,NA,NA,NA,December 2013,NA
China,Nantong,Nantong Economic and Technological Development Area Public Bicycle,Forever Publicbike Intelligent Systems,NA,1 January 2013,NA
China,Ningbo,Ningbo Public Bicycle,NA,NA,September 2013,NA
China,Qingzhou,NA,NA,NA,2010,NA
China,Shanghai,NA,Forever Bicycle,NA,March 2009,NA
China,Shaoxing,Shaoxing Public Bicycle,NA,NA,15 June 2011,NA
China,Shenzhen / Shekou / Xiaomeisha,Shenzhen City Bicycle Public,Forever Bicycle,NA,September 2010,NA
China,Suzhou,NA,NA,NA,2010,NA
China,Taiyuan,NA,NA,NA,September 2012,NA
China,"Taizhou, Jiangsu",NA,NA,NA,2014,NA
China,"Taizhou, Jiangsu",China,NA,NA,2010,NA
China,Weifang,Weifang Public Bicycle,NA,NA,October 2013,NA
China,Wuhu,NA,NA,NA,2012,NA
China,Wuxi,Wuxibike,NA,NA,January 2010,NA
China,Xi'an,Xianbicycle,NA,NA,April 2011,NA
China,Xuzhou,NA,NA,NA,September 2012,NA
China,Yangzhou,NA,NA,NA,March 2014,NA
China,Yantai,NA,NA,NA,August 2010,NA
China,Yiwu,NA,NA,NA,October 2013,NA
China,Yixing,Yixing Public Bicycle,NA,NA,December 2012,NA
China,Yueyang,NA,NA,NA,April 2014,NA
China,Zhangjiagang,Forever Bicycle,Forever Bicycle,NA,June 2010,NA
China,Zhenjiang,Zhenjiang Public Bicycle,NA,NA,1 April 2013,NA
China,Zhijin,NA,NA,NA,June 2014,NA
China,Zhongshan,NA,NA,NA,2010,NA
China,Zhuhai,NA,NA,NA,December 2012,NA
China,Zhuzhou,NA,Foshan Tianzhou,NA,May 2011,NA
Colombia,Medellín,EnCicla,3 Gen (formally 0 Gen),The Metropolitan Area of Aburra Valley[60],2011,NA
Croatia,Hvar,nextbike[17],NA,NA,NA,NA
Croatia,Dalmacia,nextbike[17],NA,NA,NA,NA
Croatia,Osijek,nextbike[17],NA,NA,NA,NA
Croatia,Split,nextbike[17],NA,NA,NA,NA
Croatia,Various locations,nextbike[17],NA,NA,NA,NA
Croatia,Zadar,nextbike[17],NA,NA,NA,NA
Croatia,Zagreb,nextbike[17],3 Gen. nextbike,NA,May 2013,NA
Cyprus,Caps St Georges,nextbike[17],NA,NA,NA,NA
Cyprus,Famagusta,nextbike[17],NA,NA,NA,NA
Cyprus,Larnaca,nextbike[17],NA,NA,NA,NA
Cyprus,Limassol,nextbike[17][62],3 Gen. nextbike,NA,May 2012,NA
Cyprus,Limassol,Bike in Action,3 Gen. Smoove,NA,NA,NA
Cyprus,Paphos,nextbike[17],NA,NA,NA,NA
Cyprus,Pissouri,e-asyGo.com Cyprus,own pedelecs,NA,April 2019,NA
Cyprus,Nicosia,EasyBike,EasyBike[65],EasyBike,October 2011,NA
Cyprus,Nicosia,nextbike[17],NA,NA,NA,NA
Cyprus,Nicosia District,Bike in Action,3 Gen. Smoove,NA,NA,NA
The Czech Republic,Brno,nextbike[17],NA,NA,NA,NA
The Czech Republic,Brno,Rekola[66],4 Gen.,NA,2014[67],NA
The Czech Republic,Brno,Velonet,NA,Velonet,9 October 2016[68],2020[69]
The Czech Republic,České Budějovice,Rekola[66],4 Gen.,NA,2015[70],NA
The Czech Republic,Frýdek-Místek,nextbike[17],NA,NA,NA,NA
The Czech Republic,Frýdek-Místek,Rekola,4 Gen.,NA,2018[71],Discontinued[66]
The Czech Republic,Hradec Králové,nextbike[17],NA,NA,NA,NA
The Czech Republic,Hradec Králové,Rekola,4 Gen.,NA,2015[72],2016
The Czech Republic,Kladno,nextbike[17],NA,NA,NA,NA
The Czech Republic,Kladno,Rekola,4 Gen.,NA,2017[73],2017
The Czech Republic,Krnov,Rekola[66],NA,NA,NA,NA
The Czech Republic,Liberec,nextbike[17],NA,NA,NA,NA
The Czech Republic,Liberec,Rekola,4 Gen.,NA,2018[74],Discontinued[66]
The Czech Republic,Olomouc,nextbike[17],NA,NA,NA,NA
The Czech Republic,Olomouc,Rekola,4 Gen.,NA,2014[75],Discontinued[66]
The Czech Republic,Ostrava,nextbike[17],3 Gen. nextbike,Nextbike,2019,NA
The Czech Republic,Ostrava,Rekola,4 Gen.,NA,2018[76],Discontinued[66]
The Czech Republic,Pardubice,Rekola,4 Gen.,NA,2014,2016
The Czech Republic,Prague,Bolt[77],NA,NA,NA,NA
The Czech Republic,Prague,Rekola[66],4 Gen.[78],NA,2013[79],NA
The Czech Republic,Prague,Freebike[80],NA,HomePort,NA,NA
The Czech Republic,Prague 4,Velonet,NA,Velonet,9 October 2016[68],2020[69]
The Czech Republic,Prague 7,Ofo,4 Gen. Ofo,Ofo,2017,Discontinued
The Czech Republic,Prostějov,Rekola[66],NA,NA,NA,NA
The Czech Republic,Prostějov,nextbike,3 Gen. nextbike,Nextbike,2019,Discontinued[17]
The Czech Republic,Teplice,Rekola,4 Gen.,NA,2017[81],Discontinued[66]
The Czech Republic,Various locations,nextbike[17],NA,NA,NA,NA
The Czech Republic,Žďár,Rekola[66],NA,NA,NA,NA
Denmark,Aarhus,Aarhus City Bikes,2 Gen,Aarhus Municipality,March 2004,NA
Denmark,Aarhus,Donkey Republic[82],NA,NA,NA,NA
Denmark,Aarhus,Bycyklen,2 Gen,NA,May 2007,NA
Denmark,Copenhagen,Bolt[83],NA,NA,NA,NA
Denmark,Copenhagen,Bycyklen,Gobike,NA,16 August 2013[84],NA
Denmark,Copenhagen,Donkey Republic[82],NA,NA,NA,NA
Denmark,Copenhagen,Dott[20],NA,NA,NA,NA
Denmark,Copenhagen,TIER[25],NA,NA,NA,NA
Denmark,Copenhagen,Bycykler København,2 Gen,NA,1995,October 2012[85][86][87][a]
Denmark,Farsø,NA,2 Gen,NA,1991,NA
Denmark,Odense,Donkey Republic[82],NA,NA,NA,NA
Denmark,Various locations,Donkey Republic[82],NA,NA,NA,NA
Ecuador,Quito,BiciQ,BiciQ,NA,2012,NA
Estonia,Tallinn,Bolt[89],NA,NA,NA,NA
Estonia,Tartu,Bike Share,NA,Tartu linn,June 2019,NA
Finland,Espoo,Kaupunkipyörä,CityBike Finland,HSL,2017,NA
Finland,Hamina,Kaakau,Donkey Republic,Kaakau,2019,NA
Finland,Helsinki,Helsinki City Bikes,3 Gen. Smoove,Helsinki City Transport (HKL),May 2017[91][92],NA
Finland,Helsinki,Helsinki City Bikes,2 Gen.,Helsinki City Transport (HKL),2000,2010[93]
Finland,Hyvinkää,Kaakau,Donkey Republic,Kaakau,2020,2021[94]
Finland,Iisalmi,Kaakau,Donkey Republic,Kaakau,2019,NA
Finland,Imatra,Kaakau,Donkey Republic,Kaakau,2018,NA
Finland,Kotka,Kaakau,Donkey Republic,Kaakau,2018,NA
Finland,Kouvola,Kaakau,Donkey Republic,Kaakau,2018,NA
Finland,Kuopio,Vilkku-fillarit,Freebike,City of Kuopio,2019,NA
Finland,Lahti,Mankeli,Freebike,NA,2022,NA
Finland,Lappeenranta,Kaakau,Donkey Republic,Kaakau,2019,NA
Finland,Mikkeli,Kaakau,Donkey Republic,Kaakau,2021,2021[95]
Finland,Mäntsälä,Mäntsälä-pyörä,Donkey Republic,Kaakau,2019,NA
Finland,Oulu,Sykkeli,NA,Nextbike Polska,2019,2019[96]
Finland,Pori,Rolanbike Pori,Rolanbike,Rolanbike,2021,NA
Finland,Porvoo,Kaakau,Donkey Republic,Kaakau,2020,NA
Finland,Raseborg,Kaakau,Donkey Republic,Kaakau,2020,NA
Finland,Riihimäki,Kaakau,Donkey Republic,Kaakau,2020,NA
Finland,Rauma,Easybike,Easybike,Easybike,2019,NA
Finland,Seinäjoki,Easybike,Easybike,Easybike,2020,2021[97]
Finland,Tampere,Sale-Pyörä,CityBike Global,Nysse,2021,NA
Finland,Turku,Föllärit,Donkey Republic[82],Föli,2022,NA
Finland,Turku,Föli-Fillarit,Nextbike,Föli,2018,2020[98]
Finland,Vaasa,Rekola[99],4 Gen.,NA,2018,Discontinued
Finland,Vantaa,Kaupunkipyörä,CityBike,HSL,2019,NA
Finland,Varkaus,Juro,Juro,Juro Sharing Infra,2021,NA
Auvergne-Rhône-Alpes,Clermont-Ferrand,C.Vélo,3 Gen. Smoove,SMTC,June 2013,NA
Auvergne-Rhône-Alpes,Grenoble,Métrovélo,3 Gen. Smoove,NA,2006,NA
Auvergne-Rhône-Alpes,Grenoble,Dott[20],NA,NA,NA,NA
Auvergne-Rhône-Alpes,Lyon,Vélo'v,3 Gen. Cyclocity,NA,19 May 2005[101][102],NA
Auvergne-Rhône-Alpes,St. Etienne,Vélivert formerly Vélo Vert,3 Gen. Smoove,NA,26 June 2010,NA
Auvergne-Rhône-Alpes,"Valence, Drôme",Libélo,3 Gen. Smoove,Transdev,March 2010,NA
Bourgogne-Franche-Comté,Belfort,Optymo,3 Gen. Smoove,NA,May 2013,NA
Bourgogne-Franche-Comté,Besançon,VéloCité,3 Gen. Cyclocity,NA,September 2007,NA
Bourgogne-Franche-Comté,Chalon-sur-Saône,Réflex,3 Gen. Smoove,Transdev,December 2007,NA
Bourgogne-Franche-Comté,Dijon,Velodi,3 Gen. Clear CC,NA,February 2008,NA
Brittany,Rennes,LE vélo STAR,3 Gen. Clear CC,NA,June 1998,NA
Brittany,Vannes,Vélocéa,OYBike,NA,June 2009,NA
Centre-Val de Loire,Orléans,Vélo'+,EFFIA,NA,June 2007,NA
Grand Est,Mulhouse,VéloCité,3 Gen. Cyclocity,NA,15 September 2007,NA
Grand Est,Nancy,VélOstan,3 Gen. Cyclocity,JCDecaux,27 September 2009,NA
Grand Est,Strasbourg,Vélhop,3 Gen. Smoove,NA,October 2010,NA
Grand Est,Strasbourg + Region,nextbike[17],NA,NA,NA,NA
Hauts-de-France,Amiens,Vélam,3 Gen. Cyclocity,NA,February 2008,NA
Hauts-de-France,Calais,Vel'in,OYBike,NA,July 2010,NA
Hauts-de-France,Dunkirk,Dk'vélo,Veolia,NA,2013,NA
Hauts-de-France,Lille,V'Lille,Keolis,NA,2011,NA
Île-de-France,Cergy-Pontoise,VélO2,Cyclocity,JCDecaux,March 2009,NA
Île-de-France,Créteil,Cristolib,3 Gen. Cyclocity,JCDecaux,April 2010,NA
Île-de-France,Paris,Vélib'[111],3 Gen. Cyclocity,JCDecaux,15 July 2007,31 December 2017
Île-de-France,Paris,Dott[20],NA,NA,NA,NA
Île-de-France,Paris Region,TIER[25],NA,NA,NA,NA
Île-de-France,Grand Paris,Vélib' Métropole,3 Gen. Smoove,Smovengo[113],1 January 2018[114],NA
Nouvelle-Aquitaine,Bordeaux,VCUB,Keolis,NA,February 2010,NA
Normandy,Caen,V'eol,3 Gen. Clear CC,NA,March 2008,NA
Normandy,Rouen,Cy'clic,3 Gen. Cyclocity,NA,December 2007,NA
Nouvelle-Aquitaine,La Rochelle,Yélo,Homeport,NA,February 2010,NA
Nouvelle-Aquitaine,La Rochelle,Vélos Jaunes,Zero Generation,NA,1974,Discontinued
Nouvelle-Aquitaine,Pau,IDEcycle,NA,NA,NA,NA
Nouvelle-Aquitaine,Poitiers,Cap'Vélo,NA,NA,September 2007,NA
Occitania,Montpellier,Vélomagg',3 Gen. Smoove,NA,June 2007,NA
Occitania,Perpignan,BIP!,3 Gen. Clear CC,NA,February 2008,NA
Occitania,Toulouse,VélôToulouse,3 Gen. Cyclocity,NA,16 November 2007,NA
Pays de la Loire,Angers,VéloCité,3 Gen. Cyclocity,NA,2004,NA
Pays de la Loire,Nantes,Bicloo,3 Gen. Cyclocity,NA,May 2008,NA
Provence-Alpes-Côte d'Azur,Avignon,Vélopop',3 Gen. Smoove,NA,July 2009,NA
Provence-Alpes-Côte d'Azur,Marseille,Le vélo,3 Gen. Cyclocity,NA,2007,NA
Provence-Alpes-Côte d'Azur,Nice,Vélo Bleu,OYBike,NA,July 2009,NA
Georgia,Batumi,BatumVelo[121],3 Gen. SmooveKey[122],Batumi Avtotransporti[123],May 2013,NA
Baden-Württemberg,Baden-Baden,nextbike[17],NA,NA,NA,NA
Baden-Württemberg,Baden-Baden,Call a Bike,3 & 4 Gen. Call a Bike flex,NA,2015[124],Discontinued[125]
Baden-Württemberg,Freiburg im Breisgau,Call a Bike[125],3 & 4 Gen. Call a Bike flex,NA,2010,NA
Baden-Württemberg,Freiburg im Breisgau,nextbike[17],3 Gen. nextbike,NA,2019,NA
Baden-Württemberg,Friedrichshafen,Dott[20],NA,NA,NA,NA
Baden-Württemberg,Heidelberg,Call a Bike[125],NA,NA,NA,NA
Baden-Württemberg,Heidelberg,nextbike[17],NA,NA,NA,NA
Baden-Württemberg,Karlsruhe,nextbike[17],NA,NA,NA,NA
Baden-Württemberg,Konstanz,nextbike[17],NA,NA,NA,NA
Baden-Württemberg,Mannheim,Call a Bike[125],NA,NA,NA,NA
Baden-Württemberg,Mannheim,nextbike[17],NA,NA,NA,NA
Baden-Württemberg,Offenburg,nextbike[17],3 Gen. nextbike,NA,2010,NA
Baden-Württemberg,Ortenaukreis,nextbike[17],NA,NA,NA,NA
Baden-Württemberg,Region Mittlerer Oberrhein ,KVV.nextbike[17],nextbike,NA,NA,NA
Baden-Württemberg,Reutlingen,TIER[25],NA,NA,NA,NA
Baden-Württemberg,Stuttgart + Region,Call a Bike[125],4 Gen. Call a Bike fix,NA,June 2007,NA
Baden-Württemberg,Tübingen,TIER[25],NA,NA,NA,NA
Baden-Württemberg,Tübingen,nextbike,3 Gen. nextbike,NA,2009,Discontinued[17]
Baden-Württemberg,Tuttlingen,Donkey Republic[82],NA,NA,NA,NA
Baden-Württemberg,Überlingen,Dott[20],NA,NA,NA,NA
Baden-Württemberg,Ulm,TIER[25],NA,NA,NA,NA
Bavaria,Aschaffenburg,Call a Bike[125],3 Call a Bike,NA,NA,NA
Bavaria,Aschaffenburg,nextbike[17],3 Gen.,NA,NA,NA
Bavaria,Augsburg,Donkey Republic[126],NA,NA,NA,NA
Bavaria,Bamberg,Donkey Republic[126],NA,NA,NA,NA
Bavaria,Cham,Donkey Republic[82],NA,NA,NA,NA
Bavaria,Coburg,nextbike,3 Gen. nextbike,NA,2009,Discontinued[17]
Bavaria,Erlangen,VAG_Rad[127],nextbike,NA,NA,NA
Bavaria,Fürth,VAG_Rad[127],nextbike,NA,NA,NA
Bavaria,Ingolstadt,Call a Bike[125],NA,NA,NA,NA
Bavaria,Landshut,Donkey Republic[82],NA,NA,NA,NA
Bavaria,Lindau,TIER[25],NA,NA,NA,NA
Bavaria,Munich,Bolt[128],NA,NA,NA,NA
Bavaria,Munich,Call a Bike[125],4 Gen. Call a Bike flex,NA,March 2000,NA
Bavaria,Munich,nextbike[17],3 Gen. nextbike,NA,2011,NA
Bavaria,Munich,TIER[25],NA,NA,NA,NA
Bavaria,Nuremberg,Lastenrad für alle[129],Bluepingu e.V.,NA,2017,NA
Bavaria,Nuremberg,VAG_Rad[127],3 & 4 Gen. nextbike,NA,2019,NA
Bavaria,Nuremberg,NorisBike,3 Gen. nextbike,NA,2011,2018
Bavaria,Regensburg,Donkey Republic[82],NA,NA,NA,NA
Bavaria,Regensburg,TIER[25],NA,NA,NA,NA
Bavaria,Schwabach,VAG_Rad[17],nextbike,NA,NA,NA
Bavaria,Straubing,Donkey Republic[82],NA,NA,NA,NA
Bavaria,Würzburg,Call a Bike[125],NA,NA,NA,NA
Berlin,Berlin,Bolt[130],NA,NA,NA,NA
Berlin,Berlin,Call a Bike[125],NA,NA,April 2020[131],NA
Berlin,Berlin,Donkey Republic[22],4 Gen.,NA,April 2017,NA
Berlin,Berlin,fLotte[132],0. Gen,Freie Lastenräder[133],March 2018,NA
Berlin,Berlin,LimeBike[134],4 Gen.,NA,April 2018,NA
Berlin,Berlin,nextbike[17],3 Gen. nextbike,NA,2009,NA
Berlin,Berlin,TIER[25],NA,NA,NA,NA
Berlin,Berlin,Call a Bike[135],3 & 4 Gen. Call a Bike flex,NA,March 2003,2016
Berlin,Berlin,Call a Bike (LIDL-BIKES)[135],3 & 4 Gen. Call a Bike flex,NA,March 2017,April 2020[131]
Berlin,Berlin,Jump Bikes[136],4 Gen.,Jump Bikes,November 2018,Discontinued[137]
Berlin,Berlin,Mobike[138],4 Gen.,NA,November 2017,Discontinued[139]
Berlin,Berlin,Ofo,4 Gen. Ofo,NA,October 2016,August 2018
Brandenburg,Potsdam,nextbike[17],3 Gen. nextbike,NA,2010,NA
Brandenburg,Prignitz,Donkey Republic[82],NA,NA,NA,NA
Bremen,Bremen,Call a Bike[125],NA,NA,NA,NA
Bremen,Bremen,nextbike[17],NA,NA,NA,NA
Bremen,Bremen,LimeBike[140],4 Gen.,NA,March 2018,Discontinued[141]
Hamburg,Hamburg,Bolt[142],NA,NA,NA,NA
Hamburg,Hamburg,LimeBike[141],NA,NA,NA,NA
Hamburg,Hamburg,nextbike[17],3 Gen. nextbike,NA,2008,NA
Hamburg,Hamburg,StadtRAD Hamburg[143],3 & 4 Gen. Call a Bike flex,Deutsche Bahn,July 2009,NA
Hamburg,Hamburg,TIER[25],NA,NA,NA,NA
Hesse,Darmstadt,Bolt[144],NA,NA,NA,NA
Hesse,Darmstadt,Call a Bike[125],3 & 4 Gen. Call a Bike flex,NA,2014,NA
Hesse,Dreieich,Byke,4 Gen.,NA,October 2017[145],2018[146]
Hesse,Eschborn,Call a Bike[125],NA,NA,NA,NA
Hesse,Frankfurt am Main,Bolt[147],NA,NA,NA,NA
Hesse,Frankfurt am Main,Call a Bike[125],3 & 4 Gen. Call a Bike flex,NA,March 2000,NA
Hesse,Frankfurt am Main,nextbike[17],3 Gen. nextbike,NA,2009,NA
Hesse,Frankfurt am Main,Byke,4 Gen.,NA,October 2017[145],2018[146]
Hesse,Frankfurt am Main,LimeBike[148],4 Gen.,NA,January 2018,Discontinued[141]
Hesse,Giessen,nextbike[17],NA,NA,NA,NA
Hesse,Hanau,Call a Bike[125],NA,NA,NA,NA
Hesse,Hanau,nextbike[17],NA,NA,NA,NA
Hesse,Kassel,nextbike[17],NA,NA,2018[149],NA
Hesse,Kassel,Konrad,NA,NA,2011[149],2017[149]
Hesse,Langen,Byke,4 Gen.,NA,October 2017[145],2018[146]
Hesse,Marburg,nextbike[17],NA,NA,NA,NA
Hesse,Offenbach,Call a Bike[125],NA,NA,NA,NA
Hesse,Rüsselsheim,nextbike[17],NA,NA,NA,NA
Hesse,Wiesbaden,Call a Bike[125],NA,NA,NA,NA
Hesse,Wiesbaden,nextbike[17],NA,NA,NA,NA
Lower Saxony,Achim,nextbike[17],NA,NA,NA,NA
Lower Saxony,Göttingen,Call a Bike[125],NA,NA,NA,NA
Lower Saxony,Hannover,Call a Bike[125],NA,NA,NA,NA
Lower Saxony,Hannover,Donkey Republic[82],NA,NA,NA,NA
Lower Saxony,Hannover,nextbike[17],NA,NA,NA,NA
Lower Saxony,Hannover,Mobike[150],NA,NA,NA,2020[151]
Lower Saxony,Hannover,oBike,4 Gen. oBike,NA,2017,2018[152]
Lower Saxony,Lüneburg,Call a Bike[125],NA,NA,NA,NA
Lower Saxony,Oldenburg,Call a Bike[125],NA,NA,NA,NA
Lower Saxony,Oldenburg,nextbike[17],NA,NA,NA,NA
Lower Saxony,Winsen (Luhe),nextbike[17],NA,NA,NA,NA
Mecklenburg-Vorpommern,Rostock,Call a Bike[125],NA,NA,NA,NA
Mecklenburg-Vorpommern,Warnemünde,Call a Bike[125],NA,NA,NA,NA
North Rhine-Westphalia,Aachen,Velocity[153],3 Gen.,NA,27 June 2008,NA
North Rhine-Westphalia,Ahrweiler (district),AW-bike[17],nextbike,NA,NA,NA
North Rhine-Westphalia,Bielefeld,Call a Bike[125],NA,NA,NA,NA
North Rhine-Westphalia,Bielefeld,nextbike[17],3 Gen. nextbike,NA,2009,NA
North Rhine-Westphalia,Bochum,metropolradruhr[17],3 Gen. nextbike,NA,2010,NA
North Rhine-Westphalia,Bonn,Call a Bike[125],NA,NA,NA,NA
North Rhine-Westphalia,Bonn,nextbike[17],3 & 4 Gen. Call a Bike flex,NA,October 2018,NA
North Rhine-Westphalia,Bottrop,metropolradruhr[17],3 Gen. nextbike,NA,2010,NA
North Rhine-Westphalia,Cologne,Bolt[154],NA,NA,NA,NA
North Rhine-Westphalia,Cologne,Call a Bike[125],3 & 4 Gen. Call a Bike flex,NA,March 2000,NA
North Rhine-Westphalia,Cologne,nextbike[17],NA,NA,NA,NA
North Rhine-Westphalia,Cologne,TIER[25],NA,NA,NA,NA
North Rhine-Westphalia,Cologne,Mobike,NA,NA,NA,Discontinued[155]
North Rhine-Westphalia,Dortmund,metropolradruhr[17],3 Gen. nextbike,NA,July 2008,NA
North Rhine-Westphalia,Duisburg,metropolradruhr[17],3 Gen. nextbike,NA,September 2010,NA
North Rhine-Westphalia,Düsseldorf,Bolt[157],NA,NA,NA,NA
North Rhine-Westphalia,Düsseldorf,LimeBike[141],NA,NA,NA,NA
North Rhine-Westphalia,Düsseldorf,nextbike[17],3 Gen. nextbike,NA,2008,NA
North Rhine-Westphalia,Düsseldorf,Velocity[158],NA,NA,NA,NA
North Rhine-Westphalia,Düsseldorf,TIER[25],NA,NA,NA,NA
North Rhine-Westphalia,Düsseldorf,Call a Bike branded FordPass Bike[159],3 Gen. Call a Bike,NA,October 2017,Discontinued
North Rhine-Westphalia,Düsseldorf,Flexbeee[160],4 Gen.,NA,July 2018,Discontinued
North Rhine-Westphalia,Düsseldorf,Mobike[161],4 Gen.,NA,30 May 2018,Discontinued[139]
North Rhine-Westphalia,Essen,metropolradruhr[17],3 Gen. nextbike,NA,2010,NA
North Rhine-Westphalia,Euskirchen (district),Eifel e-Bike[162],nextbike,NA,NA,NA
North Rhine-Westphalia,Gelsenkirchen,metropolradruhr[17],3 Gen. nextbike,NA,2010,NA
North Rhine-Westphalia,Gütersloh,Call a Bike[125],NA,NA,NA,NA
North Rhine-Westphalia,Gütersloh,nextbike[17],NA,NA,NA,NA
North Rhine-Westphalia,Hamm,metropolradruhr[17],3 Gen. nextbike,NA,2010,NA
North Rhine-Westphalia,Heinsberg (district),westBike[163],nextbike,NA,NA,NA
North Rhine-Westphalia,Herne,metropolradruhr[17],3 Gen. nextbike,NA,2010,NA
North Rhine-Westphalia,Leverkusen,nextbike[17],NA,NA,NA,NA
North Rhine-Westphalia,Lippstadt,nextbike[17],NA,NA,NA,NA
North Rhine-Westphalia,Lünen,metropolradruhr[17],nextbike,NA,NA,NA
North Rhine-Westphalia,Mönchengladbach,nextbike[17],NA,NA,NA,NA
North Rhine-Westphalia,Mülheim,metropolradruhr[17],3 Gen. nextbike,NA,2010,NA
North Rhine-Westphalia,Münster,Bolt[164],NA,NA,NA,NA
North Rhine-Westphalia,Münster,tretty[165],NA,NA,August 2020,NA
North Rhine-Westphalia,Ochtrup,Donkey Republic[82],NA,NA,NA,NA
North Rhine-Westphalia,Oberhausen,Call a Bike[125],NA,NA,NA,NA
North Rhine-Westphalia,Oberhausen,metropolradruhr[17],3 Gen. nextbike,NA,2010,NA
North Rhine-Westphalia,Rheinisch-Bergischer Kreis,Bergisches E-Bike[166],nextbike,NA,NA,NA
North Rhine-Westphalia,Rhein-Erft-Kreis,REVG mobic[167],nextbike,NA,NA,NA
North Rhine-Westphalia,Rhein-Sieg-Kreis (west of the Rhine),RVK[168],nextbike,NA,NA,NA
North Rhine-Westphalia,Rhein-Sieg-Kreis (east of the Rhine),RSVG[168],nextbike,NA,NA,NA
North Rhine-Westphalia,Siegerland,Velocity Siegerland,Velocity,NA,NA,Discontinued[158]
North Rhine-Westphalia,Witten,metropolradruhr[17],nextbike,NA,NA,NA
Rhineland-Palatinate,Kaiserslautern,Call a Bike[125],NA,NA,NA,NA
Rhineland-Palatinate,Kaiserslautern,nextbike[17],NA,NA,NA,NA
Rhineland-Palatinate,Ludwigshafen,nextbike[17],NA,NA,NA,NA
Rhineland-Palatinate,Mainz,Call a Bike[125],NA,NA,NA,NA
Rhineland-Palatinate,Mainz,de:MeinRad[169],NA,NA,July 2011,NA
Rhine-Neckar Metropolitan Region,Rhine-Neckar Metropolitan Region,VRNnextbike[17],nextbike,NA,NA,NA
Saarland,Saarbrücken,Call a Bike[125],NA,NA,NA,NA
Saarland,Saarbrücken,TIER[25],NA,NA,NA,NA
Saxony,Dresden,MOBI[127],nextbike,NA,NA,NA
Saxony,Dresden,nextbike[17],3 Gen. nextbike,DVB[170],2005,2017
Saxony,Dresden,SZ-Bike[171],nextbike,NA,2017,Discontinued
Saxony,Leipzig,nextbike[172],3 Gen. nextbike,NA,2008,NA
Saxony,Schkeuditz,nextbike[17],NA,NA,NA,NA
Saxony,Taucha,nextbike[17],NA,NA,NA,NA
Saxony-Anhalt,Halle (Saale),Call a Bike[125],NA,NA,NA,NA
Saxony-Anhalt,Halle (Saale),nextbike[17],NA,NA,NA,NA
Saxony-Anhalt,Magdeburg,Call a Bike[125],NA,NA,NA,NA
Saxony-Anhalt,Magdeburg,nextbike,3 Gen. nextbike,NA,2008,2018[173]
Schleswig-Holstein,Flensburg,nextbike,3 Gen. nextbike,NA,2009,Discontinued[17]
Schleswig-Holstein,Kiel + Region,Donkey Republic[82],NA,NA,NA,NA
Schleswig-Holstein,Lübeck,Call a Bike[125],NA,NA,NA,NA
Schleswig-Holstein,Norderstedt,nextbike[17],NA,NA,NA,NA
Schleswig-Holstein,Pinneberg,TIER[25],NA,NA,NA,NA
Schleswig-Holstein,Schlei Region,Donkey Republic[82],NA,NA,NA,NA
Thuringia,Erfurt,nextbike[17],3 Gen. nextbike,NA,2009,May 2023[174]
Thuringia,Weimar,Call a Bike[125],NA,NA,NA,NA
Greece,Aigialeia,Cyclopolis,3 Gen.,NA,2013,NA
Greece,Aktio-Vonitsa,Cyclopolis,3 Gen.,NA,2013,NA
Greece,Ancient Olympia,Cyclopolis,3 Gen.,NA,2013,NA
Greece,Corfu,EasyBike[179],3 Gen. Smoove[180][181][182][178],NA,November 2010,NA
Greece,Didymóteicho,EasyBike,3 Gen. Smoove,NA,May 2013,NA
Greece,East Mani,EasyBike,3 Gen. Smoove,NA,2013,NA
Greece,Ioannina,EasyBike,3 Gen. Smoove,NA,September 2012,NA
Greece,Iraklio,EasyBike,3 Gen. Smoove,NA,April 2010[186],NA
Greece,Karditsa,EasyBike,3 Gen. Smoove,NA,March 2013,NA
Greece,Kavala,EasyBike,3 Gen. Smoove,NA,2013,NA
Greece,Keratsini-Drapetsóna,EasyBike,3 Gen. Smoove,NA,November 2012,NA
Greece,Komotini,EasyBike,3 Gen. Smoove,NA,2013,NA
Greece,Marathónas,Cyclopolis,3 Gen.,NA,2013,NA
Greece,Maroussi,Cyclopolis,3 Gen.,NA,February 2013,NA
Greece,Moscháto-Távros,Cyclopolis,3 Gen.,NA,January 2013,NA
Greece,Náfplion,Cyclopolis,3 Gen.,NA,June 2013,NA
Greece,Naupactus,EasyBike,3 Gen. Smoove,NA,January 2013,NA
Greece,Municipality of Nafpaktosmunicipality bike rental,NA,0 Gen.,NA,June 2010,NA
Greece,Nea Erithréamunicipality bike rental,NA,0 Gen.,NA,2010,NA
Greece,Nea Smyrni,Cyclopolis,3 Gen.,NA,2013,NA
Greece,Salonica,Aristotle University of Thessaloniki Bike,0 Gen.,NA,May 2012,NA
Greece,Sikyona,Cyclopolis,3 Gen.,NA,2013,NA
Hungary,Budapest,MOL BuBi,3 Gen.,NA,April 2014[197],NA
Hungary,Esztergom,EBI,NA,NA,20 September 2013[198],NA
Hungary,Győr,GyőrBike,NA,NA,7 September 2015,NA
Hungary,Kaposvár,Kapsvári Tekergő[199],NA,NA,27 October 2015,NA
Hungary,Szeged,CityBike Szeged[200],CityBike Szeged,NA,1 October 2013[201],NA
India,Bengaluru,Namma Cycle,NA,NA,2013,NA
India,Mumbai,"FreMo, Cycle Chalao",NA,NA,2012,NA
India,Mysuru,"Embarq, India",NA,NA,2009,NA
India,New Delhi,Greenolution,NA,NA,2007,NA
Indonesia,Bandung,Boseh,Banopolis,NA,July 2017,NA
Iran,Shiraz,Bdood,4 Gen. Bdood,NA,31 December 2019,NA
Iran,Tehran,Bdood,4 Gen. Bdood,NA,18 December 2018,NA
Ireland,Cork,Coca-Cola Zero Bikes,NA,NTA & An Rothar Nua,18 December 2014,NA
Ireland,Dublin,Dublinbikes,Cyclocity,JCDecaux,September 2009,NA
Ireland,Dublin Region,TIER[25],NA,NA,NA,NA
Ireland,Dún Laoghaire,Bolt[205],NA,NA,NA,NA
Ireland,Galway,Coca-Cola Zero Bikes,NA,NTA & An Rothar Nua,24 November 2014,NA
Ireland,Kilkenny,Bolt[206],NA,NA,NA,NA
Ireland,Limerick,Coca-Cola Zero Bikes,NA,NTA & An Rothar Nua,8 December 2014,NA
Ireland,Limerick,nextbike[17],NA,NA,NA,NA
Ireland,Navan,nextbike[17],NA,NA,NA,NA
Ireland,Sligo,Bolt[207],NA,NA,NA,NA
Ireland,Waterford,TFI Bikes,NA,NTA & An Rothar Nua,4 July 2022,NA
Ireland,Wexford,Bolt[209],NA,NA,NA,NA
Israel,Tel Aviv,Dott[20],NA,NA,NA,NA
Israel,Tel Aviv,Tel-O-Fun,NA,NA,April 2016,NA
Italy,Alpignano,ToBike,NA,NA,NA,NA
Italy,Bergamo,nextbike[17],NA,NA,NA,NA
Italy,Bologna,RideMovi[211],NA,NA,NA,NA
Italy,Brescia,Bicimia,NA,NA,NA,NA
Italy,Carugate,Meglio in Bici,NA,NA,5 May 2012,NA
Italy,Cernusco sul Naviglio,Meglio in Bici,NA,NA,5 May 2012,NA
Italy,Collegno,ToBike,NA,NA,NA,NA
Italy,Druento,ToBike,NA,NA,NA,NA
Italy,Ferrara,Dott[20],NA,NA,NA,NA
Italy,Florence,RideMovi[211],NA,NA,NA,NA
Italy,Florence,Ofo,NA,NA,2017[213],Discontinued
Italy,Gorizia,nextbike[17],NA,NA,NA,NA
Italy,Grugliasco,ToBike,NA,NA,NA,NA
Italy,Milan,BikeMi[214],3 Gen. Clear CC,NA,8 December 2008[215],NA
Italy,Milan,RideMovi[211],NA,NA,NA,NA
Italy,Milan,Mobike,4 Gen.,NA,30 August 2017,Discontinued
Italy,Milan,Bitride Sharing,Zehus,NA,1 March 2018,31 December 2018
Italy,Milan,Ofo,4 Gen. Ofo,NA,20 September 2017,Discontinued
Italy,Mondolfo,nextbike[17],NA,NA,NA,NA
Italy,Padua,GoodBike Padova,NA,NA,NA,NA
Italy,Padua,Mobike,NA,NA,NA,Discontinued
Italy,Padua,RideMovi[211],NA,NA,NA,NA
Italy,Pioltello,Meglio in Bici,NA,NA,5 May 2012,NA
Italy,Pisa,Ciclopi,NA,NA,May 2013,NA
Italy,Rimini,Rimini in Bici,NA,NA,NA,NA
Italy,Senigiallia,nextbike[17],NA,NA,NA,NA
Italy,Rome,Dott[20],NA,NA,NA,NA
Italy,Rome,Roma'n'Bike,NA,NA,NA,NA
Italy,Turin,Dott[20],NA,NA,NA,NA
Italy,Turin,RideMovi[217],NA,NA,NA,NA
Italy,Turin,ToBike,NA,NA,4 March 2011,NA
Italy,Varese,Dott[20],NA,NA,NA,NA
Italy,Various locations,RideMovi[211],NA,NA,NA,NA
Italy,Venaria Reale,ToBike,NA,NA,NA,NA
Italy,Venice (Mestre),RideMovi[217],NA,NA,NA,NA
Japan,Kyoto,Community Cycle,NA,NA,NA,NA
Japan,"Toyama, Toyama",Cyclocity Toyama,Cyclocity,JCDecaux,22 March 2010,NA
Japan,Yokohama,Baybike,NA,NA,April 2011,NA
Kazakhstan,Almaty,Almatybike[220],3 Gen. Smoove[221],NA,June 2016,NA
Kazakhstan,Astana,Astanabike[222],3 Gen. Smoove[223],NA,July 2014,NA
Kazakhstan,Shymkent,Shymkentbike[224],3 Gen. Smoove[225],NA,July 2016,NA
Latvia,"Riga, Jurmala",BalticBike,NA,NA,NA,NA
Latvia,Riga,nextbike[17],NA,NA,NA,NA
Lithuania,Vilnius,CycloCity,3 Gen. Cyclocity,JCDecaux,2013,NA
Lithuania,Kaunas,CityBee,NA,CityBee,2016,NA
Lithuania,Kaunas,Bolt,NA,Bolt,2022,NA
Luxembourg,Luxembourg City,Vel'oh,3 Gen. Cyclocity,NA,March 2008,NA
Malaysia,George Town,LinkBike,Fast Rent Bike (PG),NA,December 2016,NA
Mexico,Guadalajara,MIBICI,PBSC,NA,2014,NA
Mexico,Mexico City,Ecobici,3 Gen. Clear CC,NA,2010,NA
Mexico,Toluca (inactive),NA,PBSC,NA,NA,NA
Netherlands,Amsterdam,WhiteBikes,WhiteBikes,Provo,1965,1966
Netherlands,Amsterdam,Donkey Republic[82],NA,NA,NA,NA
Netherlands,Delft,Mobike,4 Gen.,NA,2018/2019,NA
Netherlands,Eindhoven,TIER[25],NA,NA,NA,NA
Netherlands,Eindhoven,Dott[20],NA,NA,NA,NA
Netherlands,Enschede,Bolt[231],NA,NA,NA,NA
Netherlands,Groningen,Bolt[232],NA,NA,NA,NA
Netherlands,Hengelo,Bolt[233],NA,NA,NA,NA
Netherlands,Limburg (province),Velocity[234],NA,NA,NA,NA
Netherlands,Nijmegen,Bolt[235],NA,NA,NA,NA
Netherlands,Rotterdam,Donkey Republic[82],NA,NA,NA,NA
Netherlands,Rotterdam,Mobike,4 Gen.,NA,2018/2019,NA
Netherlands,The Hague,Donkey Republic[82],NA,NA,NA,NA
Netherlands,The Hague,Mobike,4 Gen.,NA,2018/2019,NA
Netherlands,Utrecht,Dott[20],NA,NA,NA,NA
Netherlands,Utrecht,TIER[25],NA,NA,NA,NA
Netherlands,Various locations (especially railway stations),OV-fiets,OV-Fiets/Nederlandse Spoorwegen,NA,2003,NA
Netherlands,Various locations,Bikedispenser,NA,NA,2005,NA
Netherlands,Various locations,Donkey Republic[82],NA,NA,NA,NA
Norway,Drammen,Drammen City Bikes,3 Gen. Clear CC,NA,2001,NA
Norway,Oslo,Bolt[236],NA,NA,NA,NA
Norway,Oslo,Oslo Bysykkel,3 Gen. Clear CC,NA,2003,NA
Norway,Sandnes,NA,3 Gen. Clear CC,NA,2002,NA
Norway,Sandnes,NA,WhiteBikes,volunteers and city council,1996,2002
Norway,Trondheim,Trondheim City Bikes,Bycykler,NA,1998,2005
Norway,Trondheim,Trondheim City Bikes,3 Gen. Clear CC,NA,2005,NA
Poland,Białystok,BiKeR,3 Gen. nextbike,NA,31 May 2014,NA
Poland,Grodzisk Mazowiecki,Grodziski Rower Miejski,3 Gen. nextbike,NA,27 September 2014,NA
Poland,Juchnowiec Kościelny,Rower Gminny,3 Gen. nextbike,NA,July 2015,NA
Poland,"Metropolis GZM(Katowice, Gliwice, Chorzów, Sosnowiec, Dąbrowa Górnicza and 26 other gminas of the area)",Metrorower,4 Gen. nextbike,Nextbike,25 February 2024,NA
Poland,Konstancin,Konstanciński Rower Miejski,3 Gen. nextbike,NA,14 June 2014,NA
Poland,Kraków,LajkBike,NA,NA,September 2023,NA
Poland,Łódź,Łódzki Rower Publiczny,3 Gen. nextbike,NA,30 April 2016,NA
Poland,Lublin,Lubelski Rower Miejski,3 Gen. nextbike,NA,19 September 2014,NA
Poland,Opole,Opole Bike,3 Gen. nextbike,NA,15 June 2012,NA
Poland,Poznań,Poznański Rower Miejski,3 Gen. nextbike,NA,April 2012,NA
Poland,Rzeszów,RoweRes,NA,NA,2010,NA
Poland,Sopot,Rower Trójmiejski,3 Gen. nextbike,NA,5 September 2013,NA
Poland,Szczecin,Bike S,3 Gen. nextbike,NA,2015,NA
Poland,Toruń,Toruński Rower Miejski (Torvelo),NA,NA,April 2014,NA
Poland,Various locations,nextbike[17],NA,NA,NA,NA
Poland,Warsaw,Bemowo Bike,3 Gen. nextbike,NA,1 April 2012,NA
Poland,Warsaw,Veturilo,3 Gen. nextbike,NA,1 August 2012,NA
Poland,Wrocław,Wrocławski Rower Miejski,3 Gen. nextbike,NA,June 2011,NA
Portugal,Águeda,beÁgueda,3 Gen.,NA,2011,NA
Portugal,Alcochete,#Alcochete,3 Gen.,NA,2021,NA
Portugal,Alenquer,Alenequer Green Lab,3 Gen.,NA,2020,NA
Portugal,Alijó,NA,3 Gen.,NA,2022,NA
Portugal,Alvito,NA,3 Gen.,NA,2022,NA
Portugal,Anadia,b→AND,3 Gen.,NA,2014,NA
Portugal,Aveiro,NA,3 Gen.,NA,2000,NA
Portugal,Benavente,baGO,3 Gen.,NA,2024,NA
Portugal,Bragança,NA,1 Gen.,NA,2015,NA
Portugal,Cascais,MobiCascais biCas,1 Gen.,NA,2016,NA
Portugal,Caldas da Raínha,Rainhas,3 Gen.,NA,2021,NA
Portugal,Coruche,Campinas,3 Gen.,NA,2025,NA
Portugal,Covilhã,NA,3 Gen.,NA,2022,NA
Portugal,Entroncamento,BUE,3 Gen.,NA,2023,NA
Portugal,Faro,RideMovi[217],NA,NA,NA,NA
Portugal,Figueira da Foz,Figas,3 Gen.,NA,2020,NA
Portugal,Graciosa,NA,3 Gen.,NA,2021,NA
Portugal,Lisbon,Bolt[254],NA,NA,NA,NA
Portugal,Lisbon,GIRA[255][256],3 Gen.,NA,2017,NA
Portugal,Lousada,Conernélias,3 Gen.,NA,2022,NA
Portugal,Mealhada,BipeBipe,3 Gen.,NA,2021,NA
Portugal,Mesão Frio,MesãoBike,1 Gen.,NA,2022,NA
Portugal,Oliveira de Azeméis,NA,2 Gen.,NA,2021,NA
Portugal,Pombal,POMBike,3 Gen.,NA,2022,NA
Portugal,Santo Tirso,Pedala,3 Gen.,NA,2019,NA
Portugal,Seia,Ginga,3 Gen.,NA,2020,NA
Portugal,Torres Vedras,Agostinhas,3 Gen.,NA,5 June 2013,NA
Portugal,"Valença, Monção, Vila Nova de Cerveira, Salvaterra do Minho, Tomiño",e-Bike Rio Minho,3 Gen.,NA,2022,NA
Portugal,Various locations,nextbike[17],NA,NA,NA,NA
Portugal,Vila do Conde,biConde,3 Gen.,NA,5 June 2014,NA
Portugal,Vilamoura,Vilamoura Public Bikes,3 Gen.,NA,15 July 2012,NA
Qatar,Doha,Dott[20],NA,NA,NA,NA
Romania,Alba Iulia,nextbike[17],NA,NA,NA,NA
Romania,Bucharest,Cicloteque,Proprietary,NA,31 July 2008,NA
Romania,Buzău,nextbike[17],NA,NA,NA,NA
Romania,Câmpia Turzii,nextbike[17],NA,NA,NA,NA
Romania,Drobeta,nextbike[17],NA,NA,NA,NA
Romania,Focsani,nextbike[17],NA,NA,NA,NA
Romania,Slatina,nextbike[17],NA,NA,NA,NA
Romania,Topoloveni,nextbike[17],NA,NA,NA,NA
Russia,Almetyevsk,Gobike,NA,NA,September 2017[267],NA
Russia,Kazan,Veli'k,3 Gen. Cyclocity,Russ Outdoor[268],1 July 2013,2019[269]
Russia,Moscow,Velobike,Smoove,CityBike,June 2013,NA
Russia,Saint Petersburg,Velogorod,NA,NA,July 2014,2020[270]
Russia,Various locations,Whoosh,4 Gen.,NA,2021[271],NA
Russia,Various locations,Urent,4 Gen.,NA,2018[272],NA
Saudi Arabia,"Riyadh, Andorra Village",TIER[25],NA,NA,NA,NA
Saudi Arabia,Riyadh,Dott[20],NA,NA,NA,NA
Serbia,Novi Sad,NS Bike,Parking Servis,NA,2011,NA
Slovakia,Bratislava,Whitebikes,Open Source Bike Share,NA,May 2014,NA
Slovakia,Bratislava,Slovnaft BAjk,NA,Slovnaft,7 September 2018[273],NA
Slovakia,Bratislava,Verejný bicykel,NA,Antik Telecom,1 June 2020[274],NA
Slovakia,Bratislava,Rekola[66],4 Gen.,Rekola,7 September 2020[275],NA
Slovakia,Humenné,Verejný bicykel,NA,Antik Telecom,22 June 2021[276],NA
Slovakia,Košice,Verejný bicykel,NA,Antik Telecom,24 April 2019[277],NA
Slovakia,Krásno nad Kysucou,Verejný bicykel,NA,Antik Telecom,26 May 2021[278],NA
Slovakia,Kysucké Nové Mesto,Verejný bicykel,NA,Antik Telecom,26 May 2021[278],NA
Slovakia,Moldava nad Bodvou,Verejný bicykel,NA,Antik Telecom,25 July 2019[279],NA
Slovakia,Nitra,ARRIVA Bike,nextbike,Arriva,28 July 2017[280],NA
Slovakia,"Poprad, Spišská Teplica",Verejný bicykel,NA,Antik Telecom,8 August 2019[281]14 May 2021[282],26 February 2024[283]
Slovakia,Považská Bystrica,Verejný bicykel,NA,Antik Telecom,17 June 2022[284],NA
Slovakia,"Prešov, Veľký Šariš",Verejný bicykel,NA,Antik Telecom,24 June 2020[285]6 July 2021[286],NA
Slovakia,Sabinov,Verejný bicykel,NA,Antik Telecom,28 July 2021[287],NA
Slovakia,Sečovce,Verejný bicykel,NA,Antik Telecom,30 June 2023[288],NA
Slovakia,Senec,nextbike[17],NA,NA,NA,NA
Slovakia,Senica,nextbike[17],NA,NA,NA,NA
Slovakia,Snina,Verejný bicykel,NA,Antik Telecom,28 June 2021[276],NA
Slovakia,Svidník,Verejný bicykel,NA,Antik Telecom,8 June 2021[289],NA
Slovakia,Svit,Verejný bicykel,NA,Antik Telecom,14 May 2021[282],NA
Slovakia,Terchová,Verejný horský e-bicykel,NA,Antik Telecom,28 April 2023[290],NA
Slovakia,Trebišov,Verejný bicykel,NA,Antik Telecom,17 July 2019[291],NA
Slovakia,Trnava,Arboria bike,NA,City of Trnava,1 March 2019[292],NA
Slovakia,Vranov nad Topľou,Verejný bicykel,NA,Antik Telecom,15 June 2022[293],NA
Slovakia,Žilina,BikeKIA,nextbike,Arriva,29 March 2019[294],NA
Slovakia,Žilina,nextbike[17],NA,NA,NA,NA
Slovenia,Celje,KolesCE,NA,Nomago,13 September 2018,NA
Slovenia,Kamnik,NA,NA,NA,NA,NA
Slovenia,Kranj,KRsKOLESOM,NA,Mestna občina Kranj,NA,NA
Slovenia,Ljubljana,Bicike(lj),Cyclocity,JCDecaux,12 May 2011,NA
Slovenia,Ljubljana,nextbike[17],NA,NA,NA,NA
Slovenia,Novo Mesto,goNM[298],NA,NA,NA,NA
Slovenia,Murska Sobota,Soboški biciklin[299],NA,NA,NA,NA
Slovenia,Rogaška Slatina and Podčetrtek,NA,NA,NA,NA,NA
Slovenia,Velenje,BICY,MICikel,NA,18 September 2012,NA
Slovenia,Various locations,nextbike[17],NA,NA,NA,NA
South Africa,"Orania, Northern Cape",Orania Openbare Fietsprojek,NA,NA,16 July 2014,NA
South Korea,Changwon,NUBIJA,NA,NA,October 2008,NA
South Korea,Daejeon,Tashu,Tashu,"Daejeon Metropolitan Government, Daejeon Metropolitan City Facilities Management Corporation",13 October 2008,NA
South Korea,Sejong,Eouling,Eouling & New Eouling,Sejong City Transportation Corporation,28 October 2014,NA
South Korea,Seoul,Ddareungi,NA,NA,15 October 2015,NA
Spain,A Coruña,Bicicoruña,NA,NA,NA,NA
Spain,Arteixo,nextbike[17],NA,NA,NA,NA
Spain,Barcelona,Bicing,3 Gen. Clear CC,NA,22 March 2007,NA
Spain,Barcelona,Bolt[304],NA,NA,NA,NA
Spain,Barcelona,Donkey Republic[22],NA,NA,NA,NA
Spain,Barcelona,RideMovi[217],NA,NA,NA,NA
Spain,Province of Barcelona,Ambici,nextbike[17],NA,NA,NA
Spain,Bilbao,nextbike[17],NA,NA,NA,NA
Spain,Biscay,nextbike[17],NA,NA,NA,NA
Spain,Canary Islands,nextbike[17],NA,NA,NA,NA
Spain,Córdoba,Eco-bici,3 Gen. Cyclocity,JCDecaux,2003,NA
Spain,Costa Adeje Region,Dott[20],NA,NA,NA,NA
Spain,Elche (Elx),bicielx,NA,NA,14 June 2010,NA
Spain,Estepona,Dott[20],NA,NA,NA,NA
Spain,Gijón,Gijon bici,NA,NA,2003 (relaunched in 2023),NA
Spain,Girona,Girocleta,NA,NA,25 September 2009,NA
Spain,Ibiza,nextbike[17],NA,NA,NA,NA
Spain,Ibiza,Dott[20],NA,NA,NA,NA
Spain,Las Palmas de Gran Canaria,nextbike[17],NA,NA,NA,NA
Spain,León,nextbike[17],NA,NA,NA,NA
Spain,Logroño,nextbike[17],NA,NA,NA,NA
Spain,Madrid,BiciMAD,NA,NA,May 2014,NA
Spain,"Málaga, Andalucía",MálagaBici[309],Cemusa,NA,2013,November 2021[310]
Spain,"Málaga, Andalucía",Dott[20],NA,NA,NA,NA
Spain,Mislata,nextbike[17],NA,NA,NA,NA
Spain,"Murcia, Region of Murcia",Muybici[311],NA,NA,NA,NA
Spain,Ontinyent,nextbike[17],NA,NA,NA,NA
Spain,Palma,Bicipalma,nextbike[17],NA,28 March 2011,NA
Spain,Pamplona,n'bici,NA,NA,July 2007,NA
Spain,Santander,nextbike[17],NA,NA,NA,NA
Spain,Santander,Tusbic,3 Gen. Cyclocity,NA,September 2008,NA
Spain,Santa Cruz de Tenerife,Dott[20],NA,NA,NA,NA
Spain,Terragona,Dott[20],NA,NA,NA,NA
Spain,Seville,Sevici,3 Gen. Cyclocity,NA,April 2007,NA
Spain,Torrent,nextbike[17],NA,NA,NA,NA
Spain,Urdaibai,nextbike[17],NA,NA,NA,NA
Spain,Valencia,Valenbisi,3 Gen. Cyclocity,JCDecaux,22 June 2010,NA
Spain,Valladolid,Biki,NA,NA,NA,NA
Spain,Zaragoza,Bizi,3 Gen. Clear CC,NA,28 May 2008,NA
Sweden,Gothenburg,Bolt[316],NA,NA,NA,NA
Sweden,Gothenburg,nextbike[17],NA,NA,NA,NA
Sweden,Gothenburg,Styr & Ställ[317],3 Gen. Cyclocity,JCDecaux,10 August 2010,NA
Sweden,Lund,Lundahoj,3 Gen. Cyclocity,JCDecaux,20 August 2014,NA
Sweden,Malmö,Bolt[318],NA,NA,NA,NA
Sweden,Malmö,Malmö By Bike,3 Gen. Clear CC,NA,14 May 2016,NA
Sweden,Stockholm,RideMovi[217],NA,NA,NA,NA
Sweden,Stockholm,Stockholm City Bikes,3 Gen. Clear CC,NA,April 2006,NA
Sweden,Various locations,Donkey Republic[126],NA,NA,NA,NA
Switzerland,"Aigle, Monthey",PubliBike,PubliBike,NA,2010,NA
Switzerland,Bern,PubliBike,PubliBike,NA,2011,NA
Switzerland,Chur,MOOINZ,nextbike[17],NA,NA,NA
Switzerland,Freiburg,PubliBike,PubliBike,NA,2010,NA
Switzerland,Geneva,Donkey Republic[22],NA,NA,NA,NA
Switzerland,Lausanne,PubliBike,PubliBike,NA,April 2013,NA
Switzerland,Lausanne,velopass,NA,NA,June 2009,April 2013
Switzerland,Lugano,PubliBike,PubliBike,NA,2010,NA
Switzerland,Luzern,nextbike,3 Gen. nextbike,NA,2008,NA
Switzerland,"Nyon, Gland",PubliBike,PubliBike,NA,2011,NA
Switzerland,Schaffhausen,TIER[25],NA,NA,NA,NA
Switzerland,Sion,PubliBike,PubliBike,NA,2010,NA
Switzerland,St. Gallen,TIER[25],NA,NA,NA,NA
Switzerland,Uzwil,TIER[25],NA,NA,NA,NA
Switzerland,Various locations,nextbike Switzerland[17],NA,NA,NA,NA
Switzerland,Various locations,Donkey Republic[22],NA,NA,NA,NA
Switzerland,Vevey,PubliBike,PubliBike,NA,2009,NA
Switzerland,Winterthur,TIER[25],NA,NA,NA,NA
Taiwan,Changhua,YouBike,1.0,NA,22 May 2014,30 June 2021
Taiwan,Changhua,MOOVO,NA,NA,30 June 2021,NA
Taiwan,Kaohsiung,City Bike,NA,NA,1 March 2009,25 June 2020
Taiwan,Kaohsiung,YouBike,2.0,NA,1 July 2020,NA
Taiwan,Kaohsiung,YouBike,2.0E,NA,16 November 2022,NA
Taiwan,Taipei,YouBike,1.0,NA,11 March 2009,3 November 2022
Taiwan,Taipei,YouBike,2.0,NA,15 January 2020,NA
Taiwan,Taipei,YouBike,2.0E,NA,30 August 2024,NA
Taiwan,New Taipei City,NewBike,NA,NA,31 October 2008,April 2015
Taiwan,New Taipei City,YouBike,1.0,NA,1 January 2014,6 August 2024
Taiwan,New Taipei City,YouBike,2.0,NA,20 October 2021,NA
Taiwan,New Taipei City,YouBike,2.0E,NA,30 August 2024,NA
Taiwan,Taoyuan,YouBike,1.0,NA,4 February 2016,31 August 2024
Taiwan,Taoyuan,YouBike,2.0,NA,22 December 2023,NA
Taiwan,Taoyuan,YouBike,2.0E,NA,1 February 2024,NA
Taiwan,Hsinchu County,YouBike,2.0,NA,27 June 2022,NA
Taiwan,Hsinchu County,YouBike,2.0E,NA,7 February 2024,NA
Taiwan,Hsinchu,YouBike,1.0,NA,26 May 2016,1 June 2023
Taiwan,Hsinchu,YouBike,2.0,NA,12 July 2022,NA
Taiwan,Hsinchu Science Park,YouBike,1.0,NA,30 August 2017,1 June 2023
Taiwan,Hsinchu Science Park,YouBike,2.0,NA,12 July 2022,NA
Taiwan,Hsinchu Science Park,YouBike,2.0E,NA,8 January 2023,NA
Taiwan,Miaoli,YouBike,1.0,NA,26 June 2018,NA
Taiwan,Miaoli,YouBike,2.0,NA,13 March 2024,NA
Taiwan,Miaoli,YouBike,2.0E,NA,13 March 2024,NA
Taiwan,Taichung,YouBike,1.0 (iBike),NA,18 July 2014,28 June 2023
Taiwan,Taichung,YouBike,2.0,NA,18 December 2020,NA
Taiwan,Taichung,YouBike,2.0E,NA,21 June 2022,NA
Taiwan,Chiayi,Chia e-bike,NA,NA,3 February 2016,8 April 2019
Taiwan,Chiayi,YouBike,2.0,NA,15 December 2020,NA
Taiwan,Chiayi,YouBike,2.0E,NA,1 December 2021,NA
Taiwan,Chiayi County,Youbike,2.0,NA,3 July 2024,NA
Taiwan,Chiayi County,Youbike,2.0E,NA,3 July 2024,NA
Taiwan,Tainan,T-Bike,NA,NA,8 August 2016,28 February 2023
Taiwan,Tainan,YouBike,2.0,NA,23 February 2023,NA
Taiwan,Tainan,YouBike,2.0E,NA,21 April 2023,NA
Taiwan,Pingtung City,Pbike,NA,NA,4 December 2014,28 February 2023
Taiwan,Pingtung City,YouBike,2.0,NA,1 February 2023,NA
Taiwan,Pingtung City,YouBike,2.0E,NA,24 April 2023,NA
Taiwan,Yunlin County,MOOVO,NA,NA,3 August 2023,NA
Taiwan,Kinmen,K Bike,NA,NA,16 April 2017,31 December 2023
Taiwan,Taitung City,YouBike,2.0,NA,End of 2024,NA
Taiwan,Taitung City,YouBike,2.0E,NA,End of 2024,NA
Thailand,Bangkok,KU Mobike,Mobike,NA,2017,NA
Thailand,Bangkok,CU Bike,Smoove,NA,2012[321],NA
Thailand,Bangkok,Pun Pun Bike Share,NA,NA,2012[322][323],NA
Thailand,Bangkok,oBike,4 Gen. oBike,NA,July 2017,Discontinued
Thailand,Chiang Mai,Mobike,Mobike,NA,2018,Discontinued
Turkey,Istanbul,İsbike,NA,NA,2012,NA
Turkey,İzmir,Bisim,NA,NA,January 2014,NA
Turkey,Karşıyaka,Karbis,3 Gen. nextbike,NA,January 2014,NA
Turkey,Konya,nextbike,3 Gen. nextbike,NA,NA,NA
Ukraine,Kyiv,nextbike,3 Gen. nextbike,nextbike Kyiv LLC,15 August 2018[324],Discontinued
Ukraine,Lviv,nextbike,3 Gen. nextbike,nextbike Ukraine LLC,31 March 2016[325],Discontinued
United Arab Emirates,Abu Dhabi,ADCB Bikeshare,8D,Cyacle,December 2014,NA
United Arab Emirates,"Dubai, Dubai Hills Mall",TIER[25],NA,NA,NA,NA
United Arab Emirates,"Dubai, Expo 2020 District",TIER[25],NA,NA,NA,NA
United Arab Emirates,Ras Al-Khaimah,TIER[25],NA,NA,NA,NA
United Arab Emirates,"Sharjah, American University of Sharjah",TIER[25],NA,NA,NA,NA
England,Basildon,Dott[20],NA,NA,NA,NA
England,Bath,Dott[20],NA,NA,NA,NA
England,Bath,TIER[25],NA,NA,NA,NA
England,Barton-upon-Humber,Factory Bikes,WhiteBikes,Elswick Hopper,19??,19??
England,Blackpool,Hire-a-Bike,Hourbike,NA,2009,NA
England,Braintree,Dott[20],NA,NA,NA,NA
England,Bristol,Dott[20],NA,NA,NA,NA
England,Bristol,TIER[25],NA,NA,NA,NA
England,Bristol,YoBike,YoBike,NA,May 2017,NA
England,Cambridge,GreenBike,WhiteBikes,NA,1993,1995
England,Chelmsford,Dott[20],NA,NA,NA,NA
England,Colchester,Dott[20],NA,NA,NA,NA
England,Colchester,TIER[25],NA,NA,NA,NA
England,Derby,Lime,NA,NA,NA,NA
England,Greater Manchester,GM Cycle Hire,NA,Beryl,November 2021[328],NA
England,Liverpool,City Bike,NA,NA,May 2014,July 2022[329]
England,London,Santander Cycles (formerly Barclays Cycle Hire),PBSC & 8D,Serco,30 July 2010,NA
England,London,TIER[25],NA,NA,NA,NA
England,Leicester,Santander Cycles Leicester,NA,RideOn,14 April 2021[332],2023[333]
England,Milton Keynes,Santander Cycles MK,3 Gen. nextbike,CycleSaviours,17 June 2016,NA
England,Milton Keynes,TIER[25],NA,NA,NA,NA
England,Milton Keynes,Dott[20],NA,NA,NA,NA
England,Newcastle,ScratchBikes(known as WhipBikes until 2011),ScratchBikes,NA,2010,NA
England,Nottingham,Ucycle,Sustrans & Evans Cycles,NA,2010,NA
England,Portsmouth,Bikeabout,Public Velo,University of Portsmouth,1996,1998
England,Slough,Smoove,3 Gen. Smoove,NA,November 2013,NA
England,Southampton,YoBike,YoBike,NA,September 2017,NA
Northern Ireland,Belfast,Belfast Bikes,3 Gen. nextbike,NSL,27 April 2015,NA
Scotland,Dundee,Embark Dundee,NA,RideOn,NA,NA
Scotland,Edinburgh,Just Eat Cycles,Urban Sharing,Serco,24 June 2018,NA
Scotland,Glasgow,Mass Automated Cycle Hire (MACH),3 Gen. nextbike,NA,24 June 2014,NA
Wales,Cardiff,Nextbike,3 Gen. nextbike,NA,March 2018,December 2023
Alaska,Fairbanks,Fairbikes,A2B Bikeshare,NA,24 September 2015,NA
Arizona,Phoenix,Grid Bike Share,3 Gen. CycleHop and Social Bicycles,NA,25 November 2014,NA
Arkansas,Bentonville,Bentonville BCycle[334],NA,NA,NA,NA
California,Encinitas,Encinitas BCycle[334],NA,NA,NA,NA
California,Fullerton,OCTA BikeShare,Bike Nation,NA,6 January 2014,NA
California,Los Angeles,Metro Bike Share[335],3 Gen. B-Cycle,NA,7 July 2016,NA
California,Redding,Redding Bikeshare[336],NA,NA,NA,NA
California,San Diego,DecoBike[337],DecoBike,JCDecaux,February 2015,NA
California,San Francisco Bay Area,Bay Wheels,8D,Motivate,June 2017,NA
California,Santa Barbara,Santa Barbara BCycle[338],NA,NA,NA,NA
California,Santa Cruz,Santa Cruz BCycle[339],NA,NA,NA,NA
California,Santa Monica,Breeze Bike Share[340],3 Gen. CycleHop and Social Bicycles,NA,13 August 2015,NA
California,Truckee,Truckee BCycle[341],NA,NA,NA,NA
Colorado,Aspen,WE-cycle,PBSC,NA,June 2013,NA
Colorado,Boulder,Boulder B-Cycle[342][343],3 Gen. B-Cycle,NA,2011,NA
Colorado,Denver,Denver B-cycle[344],3 Gen. B-Cycle,NA,2010,January 2020
Colorado,Meridian,M-Bike,Zagster,NA,15 March 2010,NA
Georgia,Atlanta,Relay Bike Share,NA,NA,May 2016,NA
Georgia,Savannah,CAT Bike[345],3 Gen. B-Cycle,NA,24 January 2014,NA
Hawaii,Honolulu,Biki[346],NA,NA,NA,NA
Hawaii,Kailua,Hawaii B-cycle[347][348],3 Gen. B-Cycle,NA,2011,Discontinued
Hawaii,Kona District,NA,PBSC,NA,2016,NA
Idaho,Boise,Boise Bike Share[349],Social Bicycle,NA,16 April 2015,September 2020[350][351]
Illinois,Chicago,Divvy[352][353],PBSC & 8D,Motivate,2013,NA
Indiana,Indianapolis,Indiana Pacers Bikeshare[354],B-Cycle,Indianapolis Cultural Trail,22 April 2014,NA
Iowa,Des Moines,Des Moines B-cycle[355][356],3 Gen. B-Cycle,NA,2010,NA
Florida,Aventura,Aventura BCycle[357],NA,NA,NA,NA
Florida,"Fort Lauderdale, Broward County",Broward B-Cycle,3 Gen. B-Cycle,NA,2011,NA
Florida,Miami Beach,Decobike[358],SandVault,NA,2011,NA
Florida,Tampa,Coast Bike Share[359],3 Gen. CycleHop and Social Bicycles,NA,7 December 2014,NA
Massachusetts,Boston,Bluebikes[360],PBSC & 8D,Motivate,2011,NA
Massachusetts,Springfield and Pioneer Valley,ValleyBike Share,NA,Begwegen Technologies[361],28 June 2018[362],NA
Michigan,Ann Arbor,ArborBike[363],3 Gen. B-Cycle,NA,2014,Discontinued[364]
Michigan,Battle Creek,Battle Creek BCycle[365],3 Gen. B-Cycle,NA,19 August 2013,Discontinued
Michigan,Lansing,Capital Community Bikeshare,A2B Bikeshare,NA,2014,NA
Minnesota,Minneapolis–Saint Paul,Nice Ride Minnesota[366][367],PBSC & 8D,NA,2010,13 November 2022[368]
Minnesota,St. Paul,Yellow Bike Project,1 Gen. w/ BikeCard,volunteers and city council,1997,NA
Missouri,Jackson County,Jackson County BCycle[369],NA,NA,NA,NA
Missouri,Kansas City,Kansas City B-cycle[370],3 Gen. B-Cycle,NA,2012,Discontinued
Nebraska,Lincoln,BikeLNK[371],3 Gen. B-Cycle,NA,2018,NA
Nebraska,"Omaha / Council Bluffs, Iowa",Heartland Bike Share[372],3 Gen. B-Cycle,NA,2011,NA
Nebraska,Valentine,Valentine Bike Share[334],BCycle,NA,NA,NA
Nevada,Black Rock City,Yellow Bikes[373],Yellow Bikes,NA,NA,NA
Nevada,Las Vegas,RTC Bike Share[374],B-Cycle,NA,NA,NA
New Jersey,Hoboken,Hudson Bike Share[375],3 Gen. nextbike,NA,September 2015,NA
New Jersey,Jersey City,Citi Bike[376],8D,Motivate,September 2015,NA
New York,New York City,Citi Bike[377][378][379][380][381],PBSC & 8D,Motivate,27 May 2013,NA
North Carolina,Charlotte,Charlotte B-Cycle[382],3 Gen. B-Cycle,NA,2012,NA
North Dakota,Bismarck,BisParks BCycle[383],NA,NA,NA,NA
North Dakota,Fargo,GreatRides[384][385],3 Gen. B-Cycle,NA,15 March 2010,Discontinued
Ohio,Cincinnati,Red Bike[386][387],3 Gen. B-Cycle,NA,15 September 2014,NA
Ohio,Columbus,CoGo,PBSC & 8D,Motivate,July 2013,NA
Oklahoma,Oklahoma City,Spokies[388],Spokies,NA,2012,NA
Oregon,Eugene,PeaceHealth Rides[389],PeaceHealth Rides,NA,2018,NA
Oregon,Portland,Biketown,NA,NA,19 July 2016,NA
Oregon,Portland,Yellow Bike Project,1 Gen. WhiteBikes,Yellow Bike Project,1994[390],1997[391]
Pennsylvania,Philadelphia,Indego[392][393],3 Gen. B-Cycle (incl. some e-bikes,NA,23 April 2015,NA
Pennsylvania,Pittsburgh,POGOH,PBSC,NA,2022,NA
South Carolina,Columbia,BlueBikeSC,NA,Bbewege,September 2018,NA
South Carolina,Greenville,Greenville BCycle[394],NA,NA,NA,NA
South Carolina,Spartanburg,Spartanburg B-Cycle[395],3 Gen. B-Cycle,NA,2011,Discontinued
Tennessee,Chattanooga,Bike Chattanooga Bicycle Transit System[396],PBSC,NA,2012,NA
Tennessee,Clarksville,Clarksville BCycle[397],NA,NA,NA,NA
Tennessee,Memphis,Explore Bike Share[398],NA,NA,NA,NA
Tennessee,Nashville,Nashville BCycle[399],NA,NA,NA,NA
Texas,Austin,CapMetro[400],3 Gen. B-Cycle,NA,December 2013[401],NA
Texas,Austin,Yellow Bike Project,WhiteBikes,Austin YBP and city council,January 1997,NA
Texas,El Paso,El Paso BCycle[402],3 Gen. B-Cycle,NA,14 September 2015,NA
Texas,Fort Worth,Fort Worth B-Cycle[403],3 Gen. B-Cycle,NA,22 April 2013,NA
Texas,Houston,Houston Bcycle[404][405],3 Gen. B-Cycle,NA,2012,30 June 2024
Texas,San Antonio,San Antonio B-Cycle[406],3 Gen. B-Cycle,NA,2011,NA
Texas,Weslaco,RGV B-cycle[407],NA,NA,NA,NA
Utah,Salt Lake City,GREENbike[408][409],3 Gen. B-Cycle,NA,2013,NA
Washington,Seattle,Pronto Cycle Share[410],8D,Motivate,13 October 2014,31 March 2017
Washington metropolitan area,Washington metropolitan area,Capital Bikeshare,PBSC & 8D,Motivate,2010,NA
Wisconsin,Madison,Madison B-Cycle[412],3 Gen. B-Cycle,NA,2011,NA
Wisconsin,Milwaukee,Bublr Bikes[413][414],3 Gen. B-Cycle,NA,2014,NA
Uzbekistan,Tashkent,Q.watt[415],4 Gen.,NA,2024,NA
